frontend,Aguascalientes,Desarrollador web / Analista de IT,Scanner Forms S.A. DE C.V. 34 Aguascalientes San Francisco de los Romo,-Sexo indistinto -Escolaridad: Ingeniero en TIC´s titulado #javascript #frontend #php #mysql #software -Disponibilidad...,Hace 3 días
frontend,Aguascalientes,React Developer,bebo Technologies Mx Aguascalientes Aguascalientes,bebo MX is a leading IT software solution provider and IT services company. bebo MX is dedicated to providing high...,Hace 6 días
frontend,Aguascalientes,Programador/a,Clubmaple Aguascalientes Aguascalientes,Integración de innovación tecnológica en CRM de Laravel/Jquery SE REQUIERE FACTURA de pagos por Honorarios Duración de...,Más de 30 días
frontend,Baja California,Frontend Developer,BairesDev 45 Baja California Tijuana,Who we are BairesDev is proud to be the fastest-growing company in America. With people on five continents and...,16 de mayo
frontend,Baja California,Angular Developer,BairesDev 45 Baja California Tijuana,Who we are BD is proud to be the fastest-growing company in America. With people on five continents and world-class...,16 de mayo
frontend,Chiapas,Programador/a,"Consupago ""Paguitos"" Chiapas Tuxtla Gutiérrez",Se solicita programador/a de 2535 años con experiencia Actividades a prontitud: * Gestion de base de datos *...,Más de 30 días
frontend,Chihuahua,Frontend Developer,BairesDev 45 Chihuahua Juárez,Who we are BairesDev is proud to be the fastest-growing company in America. With people on five continents and...,16 de mayo
frontend,Chihuahua,Angular Developer,BairesDev 45 Chihuahua Juárez,Who we are BD is proud to be the fastest-growing company in America. With people on five continents and world-class...,16 de mayo
frontend,Chihuahua,Programador web JS,MexicoNow Chihuahua Chihuahua,En MEXICONOW estamos buscando una vacante para el puesto de PROGRAMADOR JS Requisitos . 1 año de experiencia en...,Más de 30 días
frontend,Ciudad de Mexico,Desarrollador FrontEnd,Nextor Telecom México Ciudad de México DF Miguel Hidalgo,Somos una empresa de telecomunicaciones en plena expansión tenemos mas de 18 años en el mercado y buscamos un...,Hace 23 horas
frontend,Ciudad de Mexico,Desarrollador Frontend Móvil,Grupo Financiero Inbursa Corporativo Ciudad de México DF Tlalpan,Requisitos: Escolaridad: Ing. Sistemas Computacionales Ing. Computación Lic. Informática o afín (pasante o titulado)...,Hace 3 días
frontend,Ciudad de Mexico,Desarrollador Programador Frontend,J. Garcia Lopez 40 Ciudad de México DF Álvaro Obregón,Somos Alciscorp Group y te estamos buscando!  Forma parte de nuestro equipo de trabajo:  DESARROLLADOR FRONTEND ...,Hace 5 días
frontend,Ciudad de Mexico,Desarrollador Frontend,Reclutamiento Empresarial 42 Ciudad de México DF Miguel Hidalgo,Importante empresa te invita a unirte a su equipo de trabajo como: FRONT END DEVELOPER  PERFIL  Carrera en...,Hace 5 días
frontend,Ciudad de Mexico,Project Manager Jr.,MedStar 41 Ciudad de México DF Miguel Hidalgo,"Medical Center líderes en tiendas médicas solicita: ""Project Manager Jr. con experiencia en programación de páginas...",Hace 6 días
frontend,Ciudad de Mexico,Desarrollador Programador Frontend,J. Garcia Lopez 40 Ciudad de México DF Álvaro Obregón,Somos Alciscorp Group y te estamos buscando! Forma parte de nuestro equipo de trabajo: DESARROLLADOR FRONTEND...,Hace 6 días
frontend,Ciudad de Mexico,Desarrollador Frontend,IDS Comercial S.A. de C.V.  40 Ciudad de México DF Benito Juárez,IDS es una empresa mexicana con 30 años de experiencia en el mercado estamos acreditados en el Nivel 5 de CMMI...,Hace 7 días
frontend,Ciudad de Mexico,Desarrollador React Frontend,BairesDev 45 Ciudad de México DF Miguel Hidalgo,BairesDev está orgullosa de ser la compañía de más rápido crecimiento en América. Con personal en cinco continentes y...,16 de mayo
frontend,Ciudad de Mexico,React Frontend Developer,BairesDev 45 Ciudad de México DF Iztapalapa,Who we are BairesDev is proud to be the fastest-growing company in America. With people in five continents and...,16 de mayo
frontend,Ciudad de Mexico,React Frontend Developer,BairesDev 45 Ciudad de México DF Miguel Hidalgo,Who we are BairesDev is proud to be the fastest-growing company in America. With people in five continents and...,16 de mayo
frontend,Ciudad de Mexico,React Frontend Architect,BairesDev 45 Ciudad de México DF Miguel Hidalgo,Who we are BairesDev is proud to be the fastest-growing company in America. With people in five continents and...,16 de mayo
frontend,Ciudad de Mexico,Frontend Tech Lead,BairesDev 45 Ciudad de México DF Iztapalapa,Who we are BairesDev is proud to be the fastest-growing company in America. With people on five continents and...,16 de mayo
frontend,Ciudad de Mexico,Frontend Tech Lead,BairesDev 45 Ciudad de México DF Miguel Hidalgo,Who we are BairesDev is proud to be the fastest-growing company in America. With people on five continents and...,16 de mayo
frontend,Ciudad de Mexico,Frontend Architect,BairesDev 45 Ciudad de México DF Iztapalapa,Who we are BairesDev is proud to be the fastest-growing company in America. With people on five continents and...,16 de mayo
frontend,Ciudad de Mexico,Frontend Architect,BairesDev 45 Ciudad de México DF Miguel Hidalgo,Who we are BairesDev is proud to be the fastest-growing company in America. With people on five continents and...,16 de mayo
frontend,Ciudad de Mexico,Frontend Developer,BairesDev 45 Ciudad de México DF Iztapalapa,Who we are BairesDev is proud to be the fastest-growing company in America. With people on five continents and...,16 de mayo
frontend,Ciudad de Mexico,Frontend Developer,BairesDev 45 Ciudad de México DF Miguel Hidalgo,Who we are BairesDev is proud to be the fastest-growing company in America. With people on five continents and...,16 de mayo
frontend,Ciudad de Mexico,Desarrollador Frontend Jr,Grupo MRB Ciudad de México DF Cuauhtémoc,Empresa líder en tecnología te invita a formar parte de su equipo de trabajo: Desarrollador Jr-Intermedio Edad:...,15 de mayo
frontend,Ciudad de Mexico,Desarrollador Frontend,MILLENNIAL-FINTECH-SERVICES MÉXICO SAPI de CV Ciudad de México DF Miguel Hidalgo,Objetivo: Implementar en el producto las interfaces y experiencias de usuarios diseñadas por el equipo de UX/UI. Este...,2 de mayo
frontend,Ciudad de Mexico,FrontEnd Developer,Decentralized Climate Foundation Ciudad de México DF Benito Juárez,GET INVOLVED AT THE DECENTRALIZED CLIMATE FOUNDATION ABOUT US • The Decentralized Climate Foundation is a non-profit...,Más de 30 días
frontend,Coahuila,Desarrollador/a,Importante empresa del sector Coahuila Torreón,* Conocimiento BackEnd: Buen conocimiento y dominio del lenguaje C# con MVC - Habilidades en programación web con .NET...,Hace 2 días
frontend,Coahuila,UX/UI,Wedoox Coahuila Torreón,UX/UI Buscamos desarrollador UX/UI para generar experiencias de usuario dinámicas funcionales intuitivas y...,20 de mayo
frontend,Coahuila,Desarrollo de software,Wedoox Coahuila Torreón,DESARROLLO DE SOFTWARE Buscamos desarrolladores de software full stack para plataformas y apps adaptables a las...,20 de mayo
frontend,Estado de Mexico,React Frontend Developer,BairesDev 45 Estado de México Ecatepec de Morelos,Who we are BairesDev is proud to be the fastest-growing company in America. With people in five continents and...,16 de mayo
frontend,Estado de Mexico,Frontend Tech Lead,BairesDev 45 Estado de México Ecatepec de Morelos,Who we are BairesDev is proud to be the fastest-growing company in America. With people on five continents and...,16 de mayo
frontend,Estado de Mexico,Frontend Architect,BairesDev 45 Estado de México Ecatepec de Morelos,Who we are BairesDev is proud to be the fastest-growing company in America. With people on five continents and...,16 de mayo
frontend,Estado de Mexico,Frontend Developer,BairesDev 45 Estado de México Ecatepec de Morelos,Who we are BairesDev is proud to be the fastest-growing company in America. With people on five continents and...,16 de mayo
frontend,Estado de Mexico,Desarrollador/a,HABILIS I&CC  Estado de México Toluca,Desarrollo de Aplicaciones Informaticas en el area de frontend diseño de sitios web con CCS y angular Integracion de...,Más de 30 días
frontend,Estado de Mexico,Desarrollador Web,Universidad Tecnológica Latinoamericana En Línea  42 Estado de México Naucalpan de Juárez,DESARROLLADOR WEB   Acerca de UTEL Con más de 70000 estudiantes en 6 países Utel está redefiniendo la educación...,Hace 5 días
frontend,Estado de Mexico,Desarrollador Java Sr,Talento en TI - Empresa Reclutadora en Tecnología Estado de México Toluca,Desarrollador Full Stack Java Área de Desarrollo Logística del Bajío DESCRIPCIÓN DEL CARGO (objetivo y funciones)...,18 de mayo
frontend,Estado de Mexico,QA Automation Leader,BairesDev 45 Estado de México Ecatepec de Morelos,Who we are BairesDev is proud to be the fastest-growing company in America. With people on five continents and...,17 de mayo
frontend,Estado de Mexico,React Team Lead,BairesDev 45 Estado de México Ecatepec de Morelos,Who we are BairesDev is proud to be the fastest-growing company in America. With people in five continents and...,16 de mayo
frontend,Estado de Mexico,Node Team Lead,BairesDev 45 Estado de México Ecatepec de Morelos,Who we are BairesDev is proud to be the fastest-growing company in America. With people in five continents and...,16 de mayo
frontend,Estado de Mexico,Angular Tech Lead,BairesDev 45 Estado de México Ecatepec de Morelos,Who we are BD is proud to be the fastest-growing company in America. With people on five continents and world-class...,16 de mayo
frontend,Estado de Mexico,Angular Architect,BairesDev 45 Estado de México Ecatepec de Morelos,Who we are BD is proud to be the fastest-growing company in America. With people on five continents and world-class...,16 de mayo
frontend,Estado de Mexico,Angular Developer,BairesDev 45 Estado de México Ecatepec de Morelos,Who we are BD is proud to be the fastest-growing company in America. With people on five continents and world-class...,16 de mayo
frontend,Estado de Mexico,Fullstack .NET + Angular / R + D,BairesDev 45 Estado de México Ecatepec de Morelos,Who we are BairesDev is proud to be the fastest-growing company in America. With people on five continents and...,16 de mayo
frontend,Estado de Mexico,Vue.js Developer,BairesDev 45 Estado de México Ecatepec de Morelos,Who we are BairesDev is proud to be the fastest-growing company in America. With people on five continents and...,16 de mayo
frontend,Estado de Mexico,Java Team Lead,BairesDev 45 Estado de México Ecatepec de Morelos,Who we are BairesDev is proud to be the fastest-growing company in America. With people in five continents and...,16 de mayo
frontend,Guanajuato,Senior Frontend Javascript Developer,Mayéutika  48 Guanajuato León,Empresa líder en su ramo requiere cubrir la vacante de Senior Front-end Javascript Developer que cubra los siguientes...,Hace 14 horas
frontend,Guanajuato,Frontend Developer,BairesDev 45 Guanajuato León,Who we are BairesDev is proud to be the fastest-growing company in America. With people on five continents and...,16 de mayo
frontend,Guanajuato,Desarrollador BackEnd,Importante empresa  Guanajuato León,Importante empresa solicita  Desarrollador BackEnd Habilidades y Conocimientos - Experiencia desarrollo y trabajo en...,Hace 10 horas
frontend,Guanajuato,Fullstack Developer,Grupo Charly / Skechers 42 Guanajuato León,Somos una empresa mexicana con más de 60 años en la industria del calzado dedicada a la comercialización de calzado...,Hace 2 días
frontend,Guanajuato,Desarrollador Java,Servicios Corporativos Neta S.A. de C.V.  38 Guanajuato Celaya,IMPORTANTE EMPRESA ESPECIALIZADA EN EL SECTOR DE TECNOLOGÍAS DE LA INFORMACIÓN SOLICITA  Puesto: Desarrollador Java...,Hace 4 días
frontend,Guanajuato,Desarrollador Java,Servicios Corporativos Neta S.A. de C.V.  38 Guanajuato Celaya,IMPORTANTE EMPRESA ESPECIALIZADA EN EL SECTOR DE TECNOLOGÍAS DE LA INFORMACIÓN SOLICITA  Puesto: Desarrollador Java...,Hace 4 días
frontend,Guanajuato,Sistemas,Pegaso Irapuato Guanajuato Irapuato,Realizar tareas sencillas de programación como bases de datos y programación frontend se requiere la habilidad de...,18 de mayo
frontend,Guanajuato,Angular Developer,BairesDev 45 Guanajuato León,Who we are BD is proud to be the fastest-growing company in America. With people on five continents and world-class...,16 de mayo
frontend,Guanajuato,Desarrollador/a de Software,InGlovalSoft Guanajuato León,Ser un Desarrollador Frontend y Backend en nuestro equipo de Desarrollo es ser un solucionador de problemas a tiempo...,Más de 30 días
frontend,Guerrero,Desarrollador / Developer,Apleeks Guerrero Acapulco de Juárez,*****Importante vivir en Acapulco Guerrero***** ¿Quieres ser parte de un gran equipo de trabajo? Esta es la gran...,Más de 30 días
frontend,Jalisco,Desarrollador FrontEnd,TALINK 34 Jalisco Guadalajara,Importante Cadena de Franquicias a Nivel Nacional Busca tu Talento! Desarrollador Web Jr Perfil: Recién egresados en...,Hace 3 días
frontend,Jalisco,Frontend Backend o Fullstack,Factor Conecta Jalisco Guadalajara,Perfil FRONTEND  Actividad: Traducir las necesidades de los usuarios y de la empresa en un diseño Frontend funcional...,Hace 4 días
frontend,Jalisco,Desarrollador/a,FEEK Technologies Jalisco Zapopan,Buscamos al mejor desarrollador frontend especializado en React para unirse a la familia de Feek Technologies. para...,Hace 7 días
frontend,Jalisco,Desarrollador/a Frontend,Everst.mx Jalisco Zapopan,Las funciones del cargo son bastante sencillas estas suelen ser: - Traducir los diseños a código. - Facilitar la...,19 de mayo
frontend,Jalisco,Desarrollador web,PROVEEDORA DE TALENTO EJECUTIVO  40 Jalisco Guadalajara,Busca desarrollador web con experiencia en: Desarrollador VUE.JS Conocimientos en Javascript Conocimientos en HTML...,17 de mayo
frontend,Jalisco,Desarrollador React Frontend,BairesDev 45 Jalisco Guadalajara,BairesDev está orgullosa de ser la compañía de más rápido crecimiento en América. Con personal en cinco continentes y...,16 de mayo
frontend,Jalisco,React Frontend Developer,BairesDev 45 Jalisco Guadalajara,Who we are BairesDev is proud to be the fastest-growing company in America. With people in five continents and...,16 de mayo
frontend,Jalisco,React Frontend Architect,BairesDev 45 Jalisco Guadalajara,Who we are BairesDev is proud to be the fastest-growing company in America. With people in five continents and...,16 de mayo
frontend,Jalisco,Frontend Tech Lead,BairesDev 45 Jalisco Guadalajara,Who we are BairesDev is proud to be the fastest-growing company in America. With people on five continents and...,16 de mayo
frontend,Jalisco,Frontend Architect,BairesDev 45 Jalisco Guadalajara,Who we are BairesDev is proud to be the fastest-growing company in America. With people on five continents and...,16 de mayo
frontend,Jalisco,Frontend Developer,BairesDev 45 Jalisco Zapopan,Who we are BairesDev is proud to be the fastest-growing company in America. With people on five continents and...,16 de mayo
frontend,Jalisco,Frontend Developer,BairesDev 45 Jalisco Zapopan,Who we are BairesDev is proud to be the fastest-growing company in America. With people on five continents and...,16 de mayo
frontend,Jalisco,Frontend Developer,BairesDev 45 Jalisco Guadalajara,Who we are BairesDev is proud to be the fastest-growing company in America. With people on five continents and...,16 de mayo
frontend,Jalisco,Ing. de Sistemas,BJOB Jalisco Guadalajara,Estudios: Ing/Lic. de Sistemas o carrera afín. Trabajo remoto en cualquier ubicación geográfica. Enviar Currículo...,Más de 30 días
frontend,Jalisco,Frontend Developer (HMTL/CSS/JS),Compassnet Inc Jalisco Guadalajara,We are looking for a Front-end Developer (HTML/CSS) who wants to work on exciting and challenging products in the...,Más de 30 días
frontend,Jalisco,Ing. de Sistemas,BJOB Jalisco Guadalajara,Estudios: Ing/Lic. de Sistemas o carrera afín. Trabajo remoto en cualquier ubicación geográfica. Enviar Currículo...,Más de 30 días
frontend,Jalisco,Desarrollador Java,Servicios Corporativos Neta S.A. de C.V.  38 Jalisco Guadalajara,IMPORTANTE EMPRESA ESPECIALIZADA EN EL SECTOR DE TECNOLOGÍAS DE LA INFORMACIÓN SOLICITA  Puesto: Desarrollador Java...,Hace 22 horas
frontend,Jalisco,Programador Web,El rey del Tornillo 40 Jalisco Guadalajara,¡En el Rey del Tornillo te estamos buscando para que te integres a trabajar con nosotros! Somos la empresa...,Hace 22 horas
frontend,Jalisco,Desarrollador Jr,Computación en Acción S.A. de C.V. 41 Jalisco Guadalajara,Tu misión: Generar piezas de software en tiempo calidad y alcance del producto. Eres apasionado por llevar a cabo:...,Hace 3 días
frontend,Jalisco,Desarrollador Java,Servicios Corporativos Neta S.A. de C.V.  38 Jalisco Guadalajara,IMPORTANTE EMPRESA ESPECIALIZADA EN EL SECTOR DE TECNOLOGÍAS DE LA INFORMACIÓN SOLICITA  Puesto: Desarrollador Java...,Hace 4 días
frontend,Michoacan,Desarrollador Magento 2 frontend,dgk Michoacán Morelia,Buscamos: Escolaridad: Lic. o Ing. En sistemas de información o afín Experiencia: Mínima 2 años Zona de trabajo:...,Más de 30 días
frontend,Morelos,Desarrollador/a,Ancient.mx Morelos Cuernavaca,Buscamos Frontend Senior  4 o 5 años de experiencia en el sector comercial  Dominio del inglés conversacional...,Más de 30 días
frontend,Morelos,Programador/a,Quickly Morelos Cuernavaca,•	Desarrollar mantener actualizar aplicaciones y sitios web propias •	Soporte y mantenimiento a equipos de cómputo e...,Más de 30 días
frontend,Nayarit,FrontEnd Web Developer,D4ALL Nayarit Tepic,Quienes sómos. D4ALL es una empresa joven fundada en Tepic Nayarit la cual tiene como meta atraer la atención de...,Más de 30 días
frontend,Nuevo Leon,Frontend Developer Int/Sr,Consiss S.A. DE C.V Nuevo León Monterrey,FUNCIONES DEL PUESTO					 Desarrollar dar mantenimineto optimizar el Front de aplicaciones web.					 					...,Hace 22 horas
frontend,Nuevo Leon,Desarrollador FrontEnd (React),SOFTTEK 42 Nuevo León Monterrey,Detrás de cada servicio que Softtek proporciona hay un equipo multicultural talentoso. Si te interesa colaborar con...,Ayer
frontend,Nuevo Leon,Frontend Developer Recently Graduated,Consiss S.A. DE C.V Nuevo León Monterrey,Empresa dedicada a brindar servicios digitales está buscando:  Desarrollador Frontend.  FUNCIONES: Colabore con...,Hace 5 días
frontend,Nuevo Leon,frontend developer recién graduados,Consiss S.A. DE C.V Nuevo León Monterrey,Ingeniero en Sistemas o afín DESCRIPCIÓN DEL PUESTO Estamos buscando recién graduados universitarios para unirse a...,Hace 5 días
frontend,Nuevo Leon,Desarrollador React Frontend,BairesDev 45 Nuevo León Monterrey,BairesDev está orgullosa de ser la compañía de más rápido crecimiento en América. Con personal en cinco continentes y...,16 de mayo
frontend,Nuevo Leon,React Frontend Developer,BairesDev 45 Nuevo León Monterrey,Who we are BairesDev is proud to be the fastest-growing company in America. With people in five continents and...,16 de mayo
frontend,Nuevo Leon,React Frontend Architect,BairesDev 45 Nuevo León Monterrey,Who we are BairesDev is proud to be the fastest-growing company in America. With people in five continents and...,16 de mayo
frontend,Nuevo Leon,Frontend Tech Lead,BairesDev 45 Nuevo León Monterrey,Who we are BairesDev is proud to be the fastest-growing company in America. With people on five continents and...,16 de mayo
frontend,Nuevo Leon,Frontend Architect,BairesDev 45 Nuevo León Monterrey,Who we are BairesDev is proud to be the fastest-growing company in America. With people on five continents and...,16 de mayo
frontend,Nuevo Leon,Frontend Developer,BairesDev 45 Nuevo León Monterrey,Who we are BairesDev is proud to be the fastest-growing company in America. With people on five continents and...,16 de mayo
frontend,Nuevo Leon,Desarrollador Node.js,TCN AVALUOS Nuevo León Monterrey,Actualización y mantenimiento de nuestras plataformas informáticas de operación a nuevas tecnologías basadas en...,Más de 30 días
frontend,Nuevo Leon,Desarrollador Fullstack Javascript,Consiss S.A. DE C.V Nuevo León San Pedro Garza García,EN ESTA VACANTE LO MAS IMPORTANTE ES QUE TENGAN MINIMO 5 AÑOS DE EXPERIENCIA CON ANGULAR SI NO TIENEN ESTE APARTADO...,Ayer
frontend,Nuevo Leon,Desarrollador Fullstack (C# / Javascript) Sr,Consiss S.A. DE C.V Nuevo León Monterrey,Empresa en crecimiento se encuentra en busqueda del siguiente perfil: Desarrollador Fullstack (C# / Javascript)Sr...,Hace 4 días
frontend,Nuevo Leon,Desarrollador Web con Marketing Digital,Importante empresa del sector Nuevo León Monterrey,Siendo Desarrollador Web con Marketing Digital te enfocarás en el desarrollo e innovación de los sistemas con los que...,Hace 5 días
frontend,Nuevo Leon,Desarrollador Movil Xamarin,ISITA 39 Nuevo León San Pedro Garza García,Somos una empresa consultora en crecimiento y constantemente tenemos diversas vacantes en diferentes tecnologías. Por...,Hace 5 días
frontend,Nuevo Leon,Desarrollador React Senior,BairesDev 45 Nuevo León Monterrey,BairesDev está orgullosa de ser la compañía de más rápido crecimiento en América. Con personal en cinco continentes y...,17 de mayo
frontend,Nuevo Leon,QA Automation Leader,BairesDev 45 Nuevo León Monterrey,Who we are BairesDev is proud to be the fastest-growing company in America. With people on five continents and...,17 de mayo
frontend,Nuevo Leon,iOS Tech Lead,BairesDev 45 Nuevo León Monterrey,Who we are BairesDev is proud to be the fastest-growing company in America. With people in five continents and...,17 de mayo
frontend,Nuevo Leon,Golang Tech Lead,BairesDev 45 Nuevo León Monterrey,Who we are BairesDev is proud to be the fastest-growing company in America. With people on five continents and...,17 de mayo
frontend,Nuevo Leon,DevOps Tech Lead,BairesDev 45 Nuevo León Monterrey,Who we are BairesDev is proud to be the fastest-growing company in America. With people on five continents and...,17 de mayo
frontend,Puebla,Programador SR Micro Frontend Javascrip Puebla,Staffing RH 39 Puebla Puebla,IMPORTANTE CORPORATIVO ENFOCADO MULTIDISCIPLINARIO SOLICITA POR EXPANSION: PROGRAMADOR SR MICRO FRONTEND JAVASCRIP ...,Hace 4 días
frontend,Puebla,Frontend Developer,BairesDev 45 Puebla Puebla,Who we are BairesDev is proud to be the fastest-growing company in America. With people on five continents and...,16 de mayo
frontend,Puebla,Perfil Frontend,Acelerar Innovar Simplificar  Puebla Puebla,Perfil Frontend - ReactJS - Conocimientos avanzados en manejo de estados y librerías reactivas - Conocimientos...,Más de 30 días
frontend,Puebla,Programador Jr. / recién egresado,Trabice S de RL de CV 42 Puebla Puebla,Programador Junior  • Recién egresado o carrera trunca Conocimientos: • Nivel medio en desarrollo web tanto en backend...,Hace 4 días
frontend,Puebla,Angular Developer,BairesDev 45 Puebla Puebla,Who we are BD is proud to be the fastest-growing company in America. With people on five continents and world-class...,16 de mayo
frontend,Puebla,Perfil Backend,Acelerar Innovar Simplificar  Puebla Puebla,Perfil Backend - Golang - Postgres SQL - Redis - Arquitecturas monolíticas / microservicios -NGINX - HAProxy - EC2...,Más de 30 días
frontend,Queretaro,React Frontend Developer,BairesDev 45 Querétaro Querétaro,Who we are BairesDev is proud to be the fastest-growing company in America. With people in five continents and...,16 de mayo
frontend,Queretaro,Frontend Tech Lead,BairesDev 45 Querétaro Querétaro,Who we are BairesDev is proud to be the fastest-growing company in America. With people on five continents and...,16 de mayo
frontend,Queretaro,Frontend Architect,BairesDev 45 Querétaro Querétaro,Who we are BairesDev is proud to be the fastest-growing company in America. With people on five continents and...,16 de mayo
frontend,Queretaro,Frontend Developer,BairesDev 45 Querétaro Querétaro,Who we are BairesDev is proud to be the fastest-growing company in America. With people on five continents and...,16 de mayo
frontend,Queretaro,Desarrollador Backend y Frontend,Grupo TUM Querétaro Querétaro,Desarrollador Backend y Frontend Función principal: Desarrollo de aplicaciones web con lenguaje de programación...,Más de 30 días
frontend,Queretaro,Desarrollador Fullstack,IDS Comercial S.A. de C.V.  40 Querétaro Querétaro,ids comercial TI es una empresa mexicana de tecnología con más de 36 años de experiencia con presencia en México...,Hace 2 días
frontend,Queretaro,Desarrollador FullStack,IDS Comercial S.A. de C.V.  40 Querétaro Querétaro,ids comercial TI es una empresa mexicana de tecnología con más de 36 años de experiencia con presencia en México...,Hace 3 días
frontend,Queretaro,Desarrollador Java,All 4 Service 31 Querétaro Querétaro,Experiencia en: 	Frontend (JavaScript / Angular 6-9 / Typescript) 	Backend (Java SpringBoot / Hibernate / Maven / API...,Hace 5 días
frontend,Queretaro,QA Automation Leader,BairesDev 45 Querétaro Querétaro,Who we are BairesDev is proud to be the fastest-growing company in America. With people on five continents and...,17 de mayo
frontend,Queretaro,React Team Lead,BairesDev 45 Querétaro Miguel Hidalgo,Who we are BairesDev is proud to be the fastest-growing company in America. With people in five continents and...,16 de mayo
frontend,Queretaro,Node Team Lead,BairesDev 45 Querétaro Querétaro,Who we are BairesDev is proud to be the fastest-growing company in America. With people in five continents and...,16 de mayo
frontend,Queretaro,Angular Tech Lead,BairesDev 45 Querétaro Querétaro,Who we are BD is proud to be the fastest-growing company in America. With people on five continents and world-class...,16 de mayo
frontend,Queretaro,Angular Architect,BairesDev 45 Querétaro Querétaro,Who we are BD is proud to be the fastest-growing company in America. With people on five continents and world-class...,16 de mayo
frontend,Queretaro,Angular Developer,BairesDev 45 Querétaro Querétaro,Who we are BD is proud to be the fastest-growing company in America. With people on five continents and world-class...,16 de mayo
frontend,Queretaro,Fullstack .NET + Angular / R + D,BairesDev 45 Querétaro Querétaro,Who we are BairesDev is proud to be the fastest-growing company in America. With people on five continents and...,16 de mayo
frontend,Queretaro,Vue.js Developer,BairesDev 45 Querétaro Querétaro,Who we are BairesDev is proud to be the fastest-growing company in America. With people on five continents and...,16 de mayo
frontend,Queretaro,Java Team Lead,BairesDev 45 Querétaro Querétaro,Who we are BairesDev is proud to be the fastest-growing company in America. With people in five continents and...,16 de mayo
frontend,Queretaro,Programador/a,Ideas y Soluciones Tecnológicas Querétaro San Juan del Río,ingeniero en sistemas Computacionales Experiencia en programación web back-/frontend en el lenguaje de programación en...,Más de 30 días
frontend,Quintana Roo,Desarrollador/a,Avocado Blockchain Services Quintana Roo Benito Juárez,Deseable carrera en: Ingeniería/licenciatura en: sistemas/software/informática o afín o experiencia en el giro de...,6 de mayo
frontend,San Luis Potosi,Programador front end  ux iu,DESARROLLO E INTEGRACIÓN DE TALENTO San Luis Potosí San Luis Potosí,Puesto: Programador Front End  Función: Programación y Administración de elementos interactivos. Horario: Lunes a...,Más de 30 días
frontend,Sinaloa,Programador Back,Tuvanosa 43 Sinaloa Culiacán,Si buscas un trabajo estable con buen ambiente laboral y donde puedas seguir aprendiendo y desarrollando tus...,Hace 2 días
frontend,Sonora,React Frontend Developer,BairesDev 45 Sonora Hermosillo,Who we are BairesDev is proud to be the fastest-growing company in America. With people in five continents and...,16 de mayo
frontend,Sonora,Frontend Tech Lead,BairesDev 45 Sonora Hermosillo,Who we are BairesDev is proud to be the fastest-growing company in America. With people on five continents and...,16 de mayo
frontend,Sonora,Frontend Architect,BairesDev 45 Sonora Hermosillo,Who we are BairesDev is proud to be the fastest-growing company in America. With people on five continents and...,16 de mayo
frontend,Sonora,Frontend Developer,BairesDev 45 Sonora Hermosillo,Who we are BairesDev is proud to be the fastest-growing company in America. With people on five continents and...,16 de mayo
frontend,Sonora,desarrollador web. net full stack,Tetakawi 42 Sonora Guaymas,Habilidades para el análisis y diseño de software  Conocimientos en base de datos SQL server Conocimientos en...,Hace 16 horas
frontend,Sonora,React Team Lead,BairesDev 45 Sonora Hermosillo,Who we are BairesDev is proud to be the fastest-growing company in America. With people in five continents and...,16 de mayo
frontend,Sonora,Node Team Lead,BairesDev 45 Sonora Hermosillo,Who we are BairesDev is proud to be the fastest-growing company in America. With people in five continents and...,16 de mayo
frontend,Sonora,Angular Tech Lead,BairesDev 45 Sonora Hermosillo,Who we are BD is proud to be the fastest-growing company in America. With people on five continents and world-class...,16 de mayo
frontend,Sonora,Angular Architect,BairesDev 45 Sonora Hermosillo,Who we are BD is proud to be the fastest-growing company in America. With people on five continents and world-class...,16 de mayo
frontend,Sonora,Angular Developer,BairesDev 45 Sonora Hermosillo,Who we are BD is proud to be the fastest-growing company in America. With people on five continents and world-class...,16 de mayo
frontend,Sonora,Fullstack .NET + Angular / R + D,BairesDev 45 Sonora Hermosillo,Who we are BairesDev is proud to be the fastest-growing company in America. With people on five continents and...,16 de mayo
frontend,Sonora,Vue.js Developer,BairesDev 45 Sonora Hermosillo,Who we are BairesDev is proud to be the fastest-growing company in America. With people on five continents and...,16 de mayo
frontend,Sonora,Java Team Lead,BairesDev 45 Sonora Hermosillo,Who we are BairesDev is proud to be the fastest-growing company in America. With people in five continents and...,16 de mayo
frontend,Veracruz,Desarrollador/a,AZIT Veracruz Veracruz,-Conocimientos en HTML / CSS / JavaScript. -Conocimientos integrando API’s  -Manejo de Framework tales como VueJs...,5 de mayo
frontend,Veracruz,Programador/a,RUFI Veracruz Veracruz,Conocimiento ESENCIAL: - Java 8 o superior (apirest) - pl/pgsql (Lenguaje para procedimientos Postgresql) - HTML5 -...,Más de 30 días
frontend,Yucatan,Diseñador Frontend con conocimientos en UX/UI,Coatí Yucatán Mérida,DISEÑADOR FRONTEND CON CONOCIMIENTOS EN UX/UI - REMOTO Habilidades técnicas: - Experto en manejo de CSS3 - HTML5 -...,Hace 6 días
frontend,Yucatan,Programador en Backend/frontend,Macropay 38 Yucatán Mérida,¿Tienes experiencia en desarrollo de software? En Macropay estamos buscando colaboradores innovadores; creativos en...,Hace 7 días
frontend,Yucatan,React Frontend Developer,BairesDev 45 Yucatán Mérida,Who we are BairesDev is proud to be the fastest-growing company in America. With people in five continents and...,16 de mayo
frontend,Yucatan,Frontend Tech Lead,BairesDev 45 Yucatán Mérida,Who we are BairesDev is proud to be the fastest-growing company in America. With people on five continents and...,16 de mayo
frontend,Yucatan,Frontend Architect,BairesDev 45 Yucatán Mérida,Who we are BairesDev is proud to be the fastest-growing company in America. With people on five continents and...,16 de mayo
frontend,Yucatan,Frontend Developer,BairesDev 45 Yucatán Mérida,Who we are BairesDev is proud to be the fastest-growing company in America. With people on five continents and...,16 de mayo
frontend,Yucatan,Desarrollador Web,XPRT Media B82332990 Yucatán Mérida,QUIENES SOMOS. XPRT MEDIA es una empresa internacional especializada orientada y comprometida en el sector de Media...,10 de mayo
frontend,Yucatan,Desarrollador Front End  JavaScript React,Nextor Telecom México Yucatán Mérida,Somos una empresa de telecomunicaciones en plena expansión tenemos mas de 18 años en el mercado y buscamos un...,Hace 5 días
frontend,Yucatan,Desarrollador Fullstack,G.S. Servicios Administrativos S.A. de C.V. 38 Yucatán Mérida,Se solicita Desarrollador Fullstack con el siguiente perfil: Estudios mínimos: Ingeniería en sistemas computaciones ...,Hace 6 días
frontend,Yucatan,QA Automation Leader,BairesDev 45 Yucatán Mérida,Who we are BairesDev is proud to be the fastest-growing company in America. With people on five continents and...,17 de mayo
frontend,Yucatan,React Team Lead,BairesDev 45 Yucatán Mérida,Who we are BairesDev is proud to be the fastest-growing company in America. With people in five continents and...,16 de mayo
frontend,Yucatan,Node Team Lead,BairesDev 45 Yucatán Mérida,Who we are BairesDev is proud to be the fastest-growing company in America. With people in five continents and...,16 de mayo
frontend,Yucatan,Angular Tech Lead,BairesDev 45 Yucatán Mérida,Who we are BD is proud to be the fastest-growing company in America. With people on five continents and world-class...,16 de mayo
frontend,Yucatan,Angular Architect,BairesDev 45 Yucatán Mérida,Who we are BD is proud to be the fastest-growing company in America. With people on five continents and world-class...,16 de mayo
frontend,Yucatan,Angular Developer,BairesDev 45 Yucatán Mérida,Who we are BD is proud to be the fastest-growing company in America. With people on five continents and world-class...,16 de mayo
frontend,Yucatan,Fullstack .NET + Angular / R + D,BairesDev 45 Yucatán Mérida,Who we are BairesDev is proud to be the fastest-growing company in America. With people on five continents and...,16 de mayo
frontend,Yucatan,Vue.js Developer,BairesDev 45 Yucatán Mérida,Who we are BairesDev is proud to be the fastest-growing company in America. With people on five continents and...,16 de mayo
frontend,Yucatan,Java Team Lead,BairesDev 45 Yucatán Mérida,Who we are BairesDev is proud to be the fastest-growing company in America. With people in five continents and...,16 de mayo
